<suite name="Project TestNG" parallel="tests" thread-count="2">

    <test name="Task1 with Chrome">
        <parameter name="userName" value="ahm@kaya.com"> </parameter>
        <parameter name="password" value="ahmet1234"> </parameter>
        <parameter name="browser" value="chrome"> </parameter>
        <classes>
            <class name= "Day12_Project.Task1"> </class>
        </classes>
    </test>

    <test name="Task2 with Chrome">
        <parameter name="userName" value="ahm@kaya.com"> </parameter>
        <parameter name="password" value="ahmet1234"> </parameter>
        <parameter name="browser" value="chrome"> </parameter>
        <classes>
            <class name= "Day12_Project.Task2"> </class>
        </classes>
    </test>

</suite>